model,MAE,RMSE
12-2-4-8-16_4-1-2-2-8_4-1-0.95,0.6507196,0.7376038
model,MAE,RMSE
12-2-4-8-16_4-1-2-2-8_4-1-0.95,0.7371485,0.8155526
model,MAE,RMSE
