model,MAE,RMSE
18-3-8-16-16_4-1-2-1-16-1-0.75,0.020080796,0.03346075
model,MAE,RMSE
