model,MAE,RMSE
18-2-8-4-16_4-1-2-2-16-1-0.5,0.035370525,0.055052258
model,MAE,RMSE
